NO.,hostile_offline,hostile_online,aggression
1,0.055555556,0,0.083333333
2,0,0,0.055555556
3,0.333333333,0.3,0.791666667
4,0.888888889,0.9,0.847222222
5,0,0,0.125
6,0,0,0.180555556
7,0,0,0.277777778
8,0.055555556,0,0.319444444
9,0.055555556,0,0.597222222
10,0,0,0.402777778
11,0,0,0.5
12,0,0,0.25
13,0.055555556,0,0.263888889
14,0.111111111,0.066666667,0.5
15,0,0,0.236111111
16,0,0,0.458333333
17,0,0,0.041666667
18,0,0,0.388888889
19,0,0,0.208333333
20,0,0,0.305555556
21,0.055555556,0,0.5
22,0.055555556,0.033333333,0.375
23,0.055555556,0,0.305555556
24,0,0,0.166666667
25,0,0.033333333,0.291666667
26,0,0,0.277777778
27,0.444444444,0.566666667,0.416666667
28,0.055555556,0.066666667,0.319444444
29,0,0,0.166666667
30,0.166666667,0.1,0.305555556
31,0,0,0.194444444
32,0,0,0.388888889
33,0.055555556,0.033333333,0.555555556
34,0.055555556,0.2,0.305555556
35,0,0,0.180555556
36,0,0,0.277777778
37,0.277777778,0.266666667,0.486111111
38,0,0,0.194444444
39,0,0,0.180555556
40,0,0,0.305555556
41,0,0,0.430555556
42,0.166666667,0.2,0.625
43,0,0,0.458333333
44,0,0,0.541666667
45,0,0,0.180555556
46,0,0,0.361111111
47,0,0,0.083333333
48,0.833333333,0.833333333,0.25
49,0,0.066666667,0.263888889
50,0,0,0.208333333
51,0.055555556,0,0.263888889
52,0,0,0.208333333
53,0.055555556,0.033333333,0.291666667
54,0.666666667,0.433333333,0.708333333
55,0.055555556,0.1,0.375
56,0,0,0.25
57,0,0,0.472222222
58,0,0,0.111111111
59,0,0,0.5
60,0.777777778,0.866666667,0.888888889
61,0,0,0.125
62,0.166666667,0.133333333,0.444444444
63,0.055555556,0.033333333,0.569444444
64,0.055555556,0.166666667,0.375
65,0.055555556,0,0.180555556
66,0.166666667,0.166666667,0.916666667
67,0,0,0.180555556
68,0.111111111,0,0.361111111
69,0.666666667,0.633333333,0.902777778
70,0,0,0.111111111
71,0.055555556,0.033333333,0.597222222
72,0,0,0.263888889
73,0,0,0.166666667
74,0,0,0.291666667
75,0,0,0.125
76,0.055555556,0,0.513888889
77,0,0,0.152777778
78,0.055555556,0.066666667,0.305555556
79,1,0.866666667,0.680555556
80,0,0,0.347222222
81,0,0,0.375
82,0,0,0.166666667
83,0,0.033333333,0.472222222
84,0,0,0.319444444
85,0,0.033333333,0.611111111
86,0,0.1,0.513888889
87,0,0,0.125
88,0,0.033333333,0.361111111
89,0,0,0.222222222
90,0,0,0.236111111
91,0,0,0.180555556
92,0,0,0.5
93,0,0,0.555555556
94,0,0,0.277777778
95,0,0,0.430555556
96,0,0,0.125
97,0.166666667,0.166666667,0.5
98,0,0,0.513888889
99,0,0,0.166666667
100,0.055555556,0.033333333,0.180555556
101,0,0,0.263888889
102,0,0,0.611111111
103,0,0,0.430555556
104,0.055555556,0,0.527777778
105,0.722222222,0.633333333,0.763888889
106,0,0,0.222222222
107,0,0,0.375
108,0,0,0.097222222
109,0.111111111,0.066666667,0.472222222
110,0.111111111,0.1,0.444444444
111,0,0,0.097222222
112,0,0,0.430555556
113,0,0,0.444444444
114,0,0,0.236111111
115,0,0,0.194444444
116,0,0,0.805555556
117,0,0,0.083333333
118,0,0,0.208333333
119,0,0,0.75
120,0.055555556,0.033333333,0.458333333
121,0,0,0.333333333
122,0.111111111,0.066666667,0.277777778
123,0.055555556,0.066666667,0.333333333
124,0.055555556,0.033333333,0.486111111
125,0.111111111,0.066666667,0.430555556
126,0.055555556,0,0.388888889
127,0.055555556,0,0.416666667
128,0.166666667,0.4,0.680555556
129,0,0,0.097222222
130,0.111111111,0,0.180555556
131,0,0,0.666666667
132,0,0.033333333,0.347222222
133,0.055555556,0.033333333,0.402777778
134,0,0,0.138888889
135,0,0,0.666666667
136,0,0,0.305555556
137,0,0,0.097222222
138,0,0,0.333333333
139,0,0,0.5
140,0,0,0.111111111
141,0,0,0.5
142,0,0,0.319444444
143,0.444444444,0.333333333,0.333333333
144,0,0,0.291666667
145,0,0,0.194444444
146,0,0,0.263888889
147,0.166666667,0.166666667,0.416666667
148,0.055555556,0.033333333,0.347222222
149,0.111111111,0.066666667,0.291666667
150,0,0,0.555555556
151,0.055555556,0,0.319444444
152,0,0,0.319444444
153,0,0,0.111111111
154,0,0,0.5
155,0,0,0.222222222
156,0,0,0.5
157,0.222222222,0.1,0.722222222
158,0,0,0.152777778
159,0,0,0.361111111
160,0,0,0.194444444
161,0.166666667,0.066666667,0.361111111
162,0.055555556,0.033333333,0.277777778
163,0.055555556,0,0.333333333
164,0.055555556,0,0.222222222
165,0,0,0.388888889
166,0,0,0.152777778
167,0.055555556,0,0.430555556
168,0,0,0.166666667
169,0.111111111,0.066666667,0.597222222
170,0.111111111,0.133333333,0.333333333
171,0,0,0.361111111
172,0,0.033333333,0.486111111
173,0,0,0.180555556
174,0.166666667,0.233333333,0.458333333
175,0.055555556,0.066666667,0.222222222
176,0,0.033333333,0.361111111
177,0,0,0.152777778
178,0.055555556,0.066666667,0.347222222
179,1,1,0.916666667
180,0.055555556,0,0.222222222
181,0,0,0.486111111
182,0,0,0.541666667
183,0,0.033333333,0.194444444
184,0,0.133333333,0.388888889
185,0,0.033333333,0.222222222
186,0.055555556,0,0.361111111
187,0,0,0.291666667
188,0,0,0.305555556
189,0,0,0.430555556
190,0.055555556,0.033333333,0.263888889
191,0,0,0.097222222
192,0,0.033333333,0.458333333
193,0,0,0.5
194,0.055555556,0,0.291666667
195,0,0,0.222222222
196,0,0,0.222222222
197,0,0,0.194444444
198,0.166666667,0,0.208333333
199,0,0.066666667,0.138888889
200,0,0,0.416666667
201,0.055555556,0.033333333,0.291666667
202,0.166666667,0.033333333,0.472222222
203,0.055555556,0,0.319444444
204,0,0,0.361111111
205,0,0,0.583333333
206,0,0,0.333333333
207,0,0.066666667,0.513888889
208,0.722222222,0.933333333,0.722222222
209,0,0.266666667,0.263888889
210,0,0.066666667,0.347222222
211,0.055555556,0.033333333,0.569444444
212,0,0,0.166666667
213,0,0,0.347222222
214,0,0,0.111111111
215,0,0,0.236111111
216,0,0,0.083333333
217,0,0,0.305555556
218,0.166666667,0.166666667,0.166666667
219,0,0,0.222222222
220,0,0,0.194444444
221,0,0.133333333,0.361111111
222,0.055555556,0,0.194444444
223,0,0,0.694444444
224,0.055555556,0.066666667,0.444444444
225,0,0,0.166666667
226,0,0,0.472222222
227,0,0,0.25
228,0,0,0.277777778
229,0,0,0.472222222
230,0,0,0.361111111
231,0,0,0.152777778
232,0.166666667,0,0.333333333
233,0,0.033333333,0.541666667
234,0,0,0.361111111
235,0.055555556,0,0.430555556
236,0,0,0.277777778
237,0,0,0.291666667
238,0.111111111,0.133333333,0.5
239,0.055555556,0.033333333,0.388888889
240,0,0,0.013888889
241,0,0,0.347222222
242,0,0,0.152777778
243,0.055555556,0.033333333,0.125
244,0,0.333333333,0.541666667
245,0,0.033333333,0.333333333
246,0.055555556,0.033333333,0.333333333
247,0.055555556,0.1,0.652777778
248,0.5,0.4,0.472222222
249,0,0,0.763888889
250,0,0,0.472222222
251,0,0,0.180555556
252,0.055555556,0.033333333,0.25
253,0,0,0.125
254,0,0,0.416666667
255,0.111111111,0.1,0.375
256,0,0.266666667,0.444444444
257,0.111111111,0.066666667,0.597222222
258,0,0,0.388888889
259,0,0,0.263888889
260,0.111111111,0.066666667,0.138888889
261,0.055555556,0.033333333,0.625
262,0.055555556,0.033333333,0.402777778
263,0,0,0.388888889
264,0,0,0.222222222
265,0,0,0.638888889
266,0.055555556,0.033333333,0.333333333
267,0,0.066666667,0.305555556
268,0.111111111,0.1,0.388888889
269,0,0,0.569444444
270,0,0.066666667,0.152777778
271,0,0,0.388888889
272,0,0.033333333,0.319444444
273,0,0,0.388888889
274,0,0,0.333333333
275,0,0,0.111111111
276,0,0,0.361111111
277,0,0,0.194444444
278,0,0,0.472222222
279,0,0,0.069444444
280,0.055555556,0,0.305555556
281,0,0,0.083333333
282,0,0,0.277777778
283,0,0.2,0.541666667
284,0.055555556,0.033333333,0.458333333
285,0,0,0.222222222
286,0,0,0.472222222
287,0.111111111,0,0.319444444
288,0,0,0.152777778
289,0.055555556,0.033333333,0.625
290,0,0,0.444444444
291,0,0,0.597222222
292,0,0.066666667,0.430555556
293,0,0.066666667,0.638888889
294,0,0,0.111111111
295,0,0,0.291666667
296,0,0,0.208333333
297,0,0.033333333,0.083333333
298,0,0,0.194444444
299,0,0,0.444444444
300,0.111111111,0.133333333,0.597222222
301,0.5,0.5,0.916666667
302,0.055555556,0.166666667,0.194444444
303,0,0.033333333,0.305555556
304,0,0,0.125
305,0,0,0.208333333
306,0,0,0.083333333
307,0,0,0.444444444
308,0,0,0.305555556
309,0.111111111,0,0.569444444
310,0,0,0.347222222
311,0,0,0.416666667
312,0,0,0.138888889
313,0.055555556,0,0.208333333
314,0.666666667,0.666666667,0.722222222
315,0,0,0.222222222
316,0,0,0.541666667
317,0,0,0.75
318,0,0,0.222222222
319,0,0,0.083333333
320,0.055555556,0.133333333,0.402777778
321,0.333333333,0.4,0.486111111
322,0.055555556,0.033333333,0.166666667
323,0,0.033333333,0.319444444
324,0.166666667,0,0.152777778
325,0,0.033333333,0.222222222
326,0.222222222,0,0.416666667
327,0,0.066666667,0.319444444
328,0.277777778,0.2,0.402777778
329,0,0,0.680555556
330,0,0,0.083333333
331,0.5,0.5,0.5
332,0,0,0.305555556
333,0,0,0.166666667
334,0,0,0.208333333
335,0.055555556,0,0.291666667
336,0,0,0.097222222
337,0,0.033333333,0.347222222
338,0,0,0.333333333
339,0.055555556,0.033333333,0.583333333
340,0.166666667,0.1,0.444444444
341,0,0,0.097222222
342,0,0,0.319444444
343,0,0,0.388888889
344,0.055555556,0.033333333,0.222222222
345,0.111111111,0.033333333,0.222222222
346,0,0,0.152777778
347,0,0,0.319444444
348,0,0,0.25
349,0.055555556,0,0.263888889
350,0,0,0.180555556
351,0,0,0.458333333
352,0,0,0.194444444
353,0.111111111,0.1,0.347222222
354,0.111111111,0.033333333,0.402777778
355,0,0,0.125
356,0.333333333,0.2,0.486111111
357,0,0,0.25
358,0,0,0.402777778
359,0.111111111,0.033333333,0.486111111
360,0,0.1,0.083333333
361,0.388888889,0.3,0.458333333
362,0,0.033333333,0.041666667
363,0.555555556,0.4,0.375
364,0,0,0.513888889
365,0,0,0.430555556
366,0,0,0.291666667
367,0.111111111,0.133333333,0.388888889
368,0.5,0.566666667,0.611111111
369,0,0,0.638888889
370,0,0,0.458333333
371,0.055555556,0,0.305555556
372,0,0,0.472222222
373,0,0,0.444444444
374,0,0,0.111111111
375,0,0,0.236111111
376,0.055555556,0,0.527777778
377,0,0,0.375
378,0.055555556,0,0.333333333
379,0.055555556,0,0.375
380,0.166666667,0.166666667,0.388888889
381,0.055555556,0.033333333,0.388888889
382,1,1,0.916666667
383,0.055555556,0.033333333,0.222222222
384,0,0.033333333,0.444444444
385,0,0,0.083333333
386,0,0,0.180555556
387,0,0,0.513888889
388,0.333333333,0.1,0.638888889
389,0,0,0.180555556
390,0.388888889,0.433333333,0.5
391,0,0,0.430555556
392,0,0,0.125
393,0,0,0.805555556
394,0,0,0.277777778
395,0,0,0.430555556
396,0.055555556,0,0.166666667
397,0.166666667,0.066666667,0.486111111
398,0,0,0.638888889
399,0.111111111,0.066666667,0.736111111
400,0,0,0.305555556
401,0.166666667,0.3,0.444444444
402,0.111111111,0,0.444444444
403,0,0,0.194444444
404,0,0,0.152777778
405,0,0,0.611111111
406,0,0,0.5
407,0.055555556,0,0.25
408,0,0,0.041666667
409,0,0,0.402777778
410,0,0.1,0.416666667
411,0,0,0.305555556
412,0,0,0.236111111
413,0,0,0.180555556
414,0,0,0.319444444
415,0.333333333,0.2,0.638888889
416,0,0,0.305555556
417,0.055555556,0.033333333,0.416666667
418,0,0.033333333,0.611111111
419,0,0,0.166666667
420,0,0.066666667,0.208333333
421,0,0,0.125
422,0,0.066666667,0.777777778
423,0.111111111,0.033333333,0.361111111
424,0,0,0.277777778
425,0.277777778,0.166666667,0.569444444
426,0,0,0.194444444
427,0.055555556,0.133333333,0.097222222
428,0.5,0.233333333,0.152777778
429,0,0.566666667,0.694444444
430,0.055555556,0.033333333,0.375
431,0,0,0.208333333
432,0.055555556,0.033333333,0.472222222
433,0,0,0.305555556
434,0,0,0.083333333
435,0,0,0.194444444
436,0,0,0.25
437,0.111111111,0,0.416666667
438,0.055555556,0,0.097222222
439,0,0,0.416666667
440,0.055555556,0,0.277777778
441,0,0,0.541666667
442,0,0,0.291666667
443,0.111111111,0.033333333,0.347222222
444,0,0,0.5
445,0,0,0.444444444
446,0,0,0.652777778
447,0.277777778,0.133333333,0.625
448,0.055555556,0.033333333,0.319444444
449,0,0,0.361111111
450,0,0,0.361111111
451,0,0,0.166666667
452,0,0,0.388888889
453,0.333333333,0.266666667,0.5
454,0,0,0.305555556
455,0.111111111,0.033333333,0.430555556
456,0.555555556,0.533333333,0.569444444
457,0.055555556,0,0.291666667
458,0,0,0.236111111
459,0,0.066666667,0.305555556
460,0,0,0.361111111
461,0,0,0.416666667
462,0,0,0.416666667
463,0.055555556,0,0.458333333
464,0.277777778,0.3,0.472222222
465,0,0,0.513888889
466,0,0,0.388888889
467,0.111111111,0.1,0.541666667
468,0,0,0.138888889
469,0.333333333,0.333333333,0.5
470,0,0,0.083333333
471,0,0,0.222222222
472,0,0.033333333,0.319444444
473,0.055555556,0.066666667,0.597222222
474,0,0,0.25
475,0,0.033333333,0.25
476,0,0,0.25
477,0.222222222,0.3,0.541666667
478,0,0,0.402777778
479,0.388888889,0.666666667,0.513888889
480,0,0,0.277777778
481,0,0,0.444444444
482,0,0,0.180555556
483,0,0,0.166666667
484,0,0.1,0.416666667
485,0.111111111,0,0.208333333
486,0,0,0.722222222
487,0.333333333,0.333333333,0.5
488,0,0.066666667,0.208333333
489,0,0,0.638888889
490,0,0.033333333,0.180555556
491,0,0,0.305555556
492,0,0,0.5
493,0,0,0.277777778
494,0.555555556,0.633333333,0.916666667
495,0,0,0.111111111
496,0,0,0.319444444
497,0,0,0.194444444
498,0.111111111,0,0.555555556
499,0,0,0.111111111
500,0,0,0.708333333
501,0.055555556,0,0.361111111
502,0,0,0.402777778
503,0,0,0.458333333
504,0,0,0.375
505,0.166666667,0.166666667,0.777777778
506,0,0.033333333,0.319444444
507,0,0,0.152777778
508,0,0,0.625
509,0.055555556,0,0.097222222
510,0,0,0.25
511,0,0,0.486111111
512,0,0,0.041666667
513,0.055555556,0.133333333,0.527777778
514,0,0,0.777777778
515,0,0,0.416666667
516,0.444444444,0.1,0.680555556
517,0,0.033333333,0.375
518,0.055555556,0,0.361111111
519,0,0,0.152777778
520,0,0,0.680555556
521,0,0.033333333,0.472222222
522,0.055555556,0.033333333,0.569444444
523,0.444444444,0,0.527777778
524,0,0,0.5
525,0.055555556,0,0.263888889
526,0,0,0.916666667
527,0,0,0.069444444
528,0,0.033333333,0.319444444
529,0,0,0.083333333
530,0,0,0.25
531,0,0,0.194444444
532,0.111111111,0.1,0.402777778
533,0.166666667,0.166666667,0.291666667
534,0,0,0.388888889
535,0,0,0.25
536,0,0,0.416666667
537,0.055555556,0,0.194444444
538,0.166666667,0.266666667,0.361111111
539,0,0,0.055555556
540,0,0,0.708333333
541,0,0,0.388888889
542,0,0,0.625
543,0.055555556,0.2,0.513888889
544,0,0,0.555555556
545,0,0.033333333,0.486111111
546,0,0,0.222222222
547,0,0,0.166666667
548,0,0,0.208333333
549,0,0,0.277777778
550,0,0,0.166666667
551,0,0,0.277777778
552,0,0,0.541666667
553,0,0.666666667,0.388888889
554,0,0,0.125
555,0.222222222,0.1,0.736111111
556,0,0,0.305555556
557,0.055555556,0.033333333,0.416666667
558,1,1,0.916666667
559,0,0,0.861111111
560,0,0,0.111111111
561,0,0.033333333,0.583333333
562,0.055555556,0.033333333,0.222222222
563,0.166666667,0.033333333,0.375
564,0,0.066666667,0.5
565,0,0,0.041666667
566,0,0.033333333,0.305555556
567,0,0,0.361111111
568,0,0,0.291666667
569,0,0,0.277777778
570,0.055555556,0,0.152777778
571,0,0,0.291666667
572,0,0,0.166666667
573,0,0,0.263888889
574,0,0,0.375
575,0.666666667,0.566666667,0.680555556
576,0,0,0.166666667
577,0,0,0.444444444
578,0.055555556,0,0.055555556
579,0,0.066666667,0.513888889
580,0,0,0.333333333
581,0,0,0.5
582,0,0.6,0.444444444
583,0,0,0.069444444
584,0,0,0.097222222
585,0,0,0.305555556
586,0,0,0.486111111
587,0,0,0.458333333
588,0,0,0.763888889
589,0,0,0.027777778
590,0,0.033333333,0.111111111
591,0,0,0.680555556
592,0,0,0.583333333
593,0,0,0.208333333
594,0,0,0.611111111
595,0,0,0.25
596,0.222222222,0.166666667,0.5
597,0.111111111,0.066666667,0.583333333
598,0.055555556,0,0.194444444
599,0,0,0.305555556
600,0,0,0.361111111
601,0.055555556,0.033333333,0.416666667
602,0.5,0.366666667,0.597222222
603,0,0,0.25
604,0.055555556,0.033333333,0.222222222
605,0.111111111,0,0.541666667
606,0,0,0.25
607,0,0,0.263888889
608,0,0,0.166666667
609,0.055555556,0,0.111111111
610,0,0.066666667,0.291666667
611,0,0,0.083333333
612,0,0,0.277777778
613,0,0,0.555555556
614,0.111111111,0.066666667,0.444444444
615,0,0,0.583333333
616,0,0,0.25
617,0,0,0.236111111
618,0,0,0.458333333
619,0,0,0.097222222
620,0,0.033333333,0.430555556
621,0,0,0.152777778
622,0,0,0.138888889
623,0,0,0.333333333
624,0,0.066666667,0.277777778
625,0,0,0.277777778
626,0,0,0.083333333
627,0.111111111,0.066666667,0.180555556
628,0.055555556,0,0.388888889
629,0.055555556,0.066666667,0.402777778
630,0,0,0.305555556
631,0,0,0.263888889
632,0.055555556,0.033333333,0.388888889
633,0.055555556,0,0.75
634,0,0,0.236111111
635,0.388888889,0.2,0.291666667
636,0.333333333,0.266666667,0.541666667
637,0.055555556,0,0.333333333
638,0.055555556,0,0.236111111
639,0.055555556,0.133333333,0.541666667
640,0,0,0.430555556
641,0,0,0.263888889
642,0,0,0.916666667
643,0,0,0.513888889
644,0.055555556,0,0.263888889
645,0,0.033333333,0.444444444
646,0.333333333,0.433333333,0.361111111
647,0,0,0.277777778
648,0,0,0.111111111
649,0,0,0.263888889
650,0,0,0.263888889
651,0,0.033333333,0.277777778
652,0.166666667,0.166666667,0.5
653,0,0,0.680555556
654,0,0,0.569444444
655,0,0,0.625
656,0.388888889,0,0.25
657,0.111111111,0,0.347222222
658,0,0,0.25
659,0.111111111,0.033333333,0.388888889
660,0,0.033333333,0.625
661,0,0,0.333333333
662,0,0,0.555555556
663,0.055555556,0,0.291666667
664,0,0,0.152777778
665,0,0,0.152777778
666,0,0,0.5
667,0,0,0.375
668,0.166666667,0.166666667,0.916666667
669,0,0,0.5
670,0,0,0.222222222
671,0,0,0.388888889
672,0.166666667,0.266666667,0.416666667
673,0,0,0.25
674,0,0.1,0.388888889
675,0.111111111,0.066666667,0.319444444
676,0,0,0.138888889
677,0,0,0.097222222
678,0.111111111,0.066666667,0.430555556
679,0,0,0.291666667
680,0.055555556,0.033333333,0.444444444
681,0,0,0.388888889
682,0.111111111,0.033333333,0.236111111
683,0.055555556,0.033333333,0.194444444
684,0,0.066666667,0.736111111
685,0,0,0.25
686,0.222222222,0,0.458333333
687,0.388888889,0.466666667,0.583333333
688,0,0,0.305555556
689,0.111111111,0,0.444444444
690,0,0,0
691,0,0.033333333,0.208333333
692,0,0,0.402777778
693,0,0,0.305555556
694,0,0,0.194444444
695,0,0,0.25
696,0.055555556,0,0.263888889
697,0,0.033333333,0.236111111
698,0,0.033333333,0.486111111
699,0,0.066666667,0.361111111
700,0.055555556,0.033333333,0.222222222
701,0,0.033333333,0.166666667
702,0,0,0.25
703,0.333333333,0.333333333,0.5
704,0,0,0.402777778
705,0,0,0.375
706,0,0,0.194444444
707,0,0,0.333333333
708,0,0,0.5
709,0,0,0.388888889
710,0,0.066666667,0.25
711,0,0,0.416666667
712,0,0,0.527777778
713,0.055555556,0.033333333,0.472222222
714,0.111111111,0.066666667,0.180555556
715,0,0,0.138888889
716,0.111111111,0,0.166666667
717,0.111111111,0.066666667,0.291666667
718,0,0.033333333,0.361111111
719,0,0,0.555555556
720,0.055555556,0.033333333,0.263888889
721,0,0,0.333333333
722,0.166666667,0.033333333,0.569444444
723,0,0,0.277777778
724,0,0,0.277777778
725,0,0,0.138888889
726,0,0.033333333,0.25
727,0,0,0.25
728,0,0.133333333,0.194444444
729,0,0,0.208333333
730,0,0.066666667,0.333333333
731,0.055555556,0,0.5
732,0,0,0.125
733,0,0,0.444444444
734,0,0.033333333,0.180555556
735,0,0,0.25
736,0.055555556,0.033333333,0.361111111
737,0.055555556,0,0.138888889
738,0,0.133333333,0.263888889
739,0.055555556,0,0.347222222
740,0,0,0.513888889
741,0.055555556,0.066666667,0.5
742,0,0,0.222222222
743,0,0,0.236111111
744,0,0,0.055555556
745,0,0,0.333333333
746,0.055555556,0,0.236111111
747,0,0,0.180555556
748,0.055555556,0,0.388888889
749,0.055555556,0.033333333,0.138888889
750,0.055555556,0.033333333,0.222222222
751,0,0,0.472222222
752,0,0.1,0.347222222
753,0,0,0.055555556
754,0.388888889,0,0.319444444
755,0.555555556,0.433333333,0.583333333
756,0.055555556,0,0.583333333
757,0.111111111,0.066666667,0.388888889
758,0,0,0.861111111
759,0.055555556,0,0.152777778
760,0.222222222,0.4,0.444444444
761,0,0,0.166666667
762,0,0,0.277777778
763,0.055555556,0.033333333,0.555555556
764,0,0,0.111111111
765,0.111111111,0,0.291666667
766,0,0,0.569444444
767,0,0,0.083333333
768,0.055555556,0.066666667,0.611111111
769,0.166666667,0.433333333,0.5
770,0,0,0.583333333
771,0.222222222,0.033333333,0.375
772,0,0,0.208333333
773,0.111111111,0.033333333,0.402777778
774,0,0,0.458333333
775,0,0,0.25
776,0,0,0.444444444
777,0,0.133333333,0.25
778,0.166666667,0.466666667,0.416666667
779,0,0,0.208333333
780,0,0,0.458333333
781,0,0,0.458333333
782,0,0,0.222222222
783,0,0,0.472222222
784,0,0,0.388888889
785,0.055555556,0,0.305555556
786,0,0,0.347222222
787,0,0,0.347222222
788,0.055555556,0.1,0.263888889
789,0,0.033333333,0.763888889
790,0,0.133333333,0.402777778
791,0,0,0.222222222
792,0,0,0.152777778
793,0,0,0.430555556
794,0,0,0.263888889
795,0,0,0.444444444
796,0,0,0.194444444
797,0,0,0.152777778
798,0,0,0.375
799,0,0,0.194444444
800,0.055555556,0.166666667,0.513888889
801,0,0,0.180555556
802,0.166666667,0,0.180555556
803,0.833333333,0.766666667,0.75
804,0.111111111,0,0.541666667
805,0.055555556,0,0.458333333
806,0,0,0.666666667
807,0,0,0.083333333
808,0.111111111,0,0.375
809,0.055555556,0,0.208333333
810,0,0,0.319444444
811,0,0,0.5
812,0,0,0.055555556
813,0,0,0.666666667
814,0,0,0.083333333
815,0,0,0.208333333
816,0,0,0.527777778
817,0,0,0.388888889
818,0,0,0.388888889
819,0.055555556,0,0.25
820,0,0.033333333,0.444444444
821,0,0,0.138888889
822,0,0,0.180555556
823,0.055555556,0,0.680555556
824,0,0,0.152777778
825,0,0,0.402777778
826,0.055555556,0.033333333,0.375
827,0.111111111,0.066666667,0.611111111
828,0.055555556,0.033333333,0.458333333
829,0,0,0.152777778
830,0,0,0.444444444
831,0,0,0.222222222
832,0.388888889,0.166666667,0.152777778
833,0,0,0.166666667
834,0.055555556,0.066666667,0.138888889
835,0,0.033333333,0.319444444
836,0,0,0.180555556
837,0,0,0.472222222
838,0,0,0.597222222
839,0.111111111,0.133333333,0.583333333
840,0,0,0.597222222
841,0.055555556,0.1,0.430555556
842,0,0,0.125
843,0,0,0.208333333
844,0,0,0.319444444
845,0,0,0.486111111
846,0.055555556,0.066666667,0.541666667
847,0.444444444,0.466666667,0.5
848,0,0,0.263888889
849,0.166666667,0,0.305555556
850,0,0.066666667,0.347222222
851,0,0,0.083333333
852,0,0,0.319444444
853,0.111111111,0.033333333,0.472222222
854,0,0.033333333,0.208333333
855,0.444444444,0.366666667,0.916666667
856,0,0,0.388888889
857,0.111111111,0.033333333,0.333333333
858,0,0,0.166666667
859,0,0,0.041666667
860,0,0,0.319444444
861,0.277777778,0,0.611111111
862,0.333333333,0.333333333,0.361111111
863,0.166666667,0.266666667,0.527777778
864,0,0.333333333,0.388888889
865,0,0,0.277777778
866,0.166666667,0.1,0.736111111
867,0,0,0.5
868,0,0,0.5
869,0.833333333,0.8,0.930555556
870,0,0.033333333,0.333333333
871,0,0,0.180555556
872,0,0,0.458333333
873,0,0,0.444444444
874,0.111111111,0,0.152777778
875,0.111111111,0.066666667,0.430555556
876,0,0,0.180555556
877,0,0,0.347222222
878,0,0,0.180555556
879,0,0,0.319444444
880,0.111111111,0.066666667,0.277777778
881,0,0,0.083333333
882,0.055555556,0.066666667,0.319444444
883,0,0,0.486111111
884,0.055555556,0.033333333,0.388888889
885,0,0,0.291666667
886,0,0,0.333333333
887,0,0,0.222222222
888,0.111111111,0.033333333,0.527777778
889,0,0,0.263888889
890,0,0,0.333333333
891,0,0.066666667,0.236111111
892,0,0,0.708333333
893,0.055555556,0.033333333,0.166666667
894,1,1,0.916666667
895,0,0,0.152777778
896,0.055555556,0.033333333,0.541666667
897,0,0.233333333,0.277777778
898,0.111111111,0,0.194444444
899,0,0,0.333333333
900,0.333333333,0.333333333,0.361111111
901,0,0,0.083333333
902,0,0,0.125
903,0.055555556,0.033333333,0.555555556
904,0.111111111,0.366666667,0.402777778
905,0,0.066666667,0.291666667
906,0.055555556,0,0.291666667
907,0.055555556,0.2,0.138888889
908,0,0.033333333,0.222222222
909,0.055555556,0.033333333,0.583333333
910,0,0,0.555555556
911,0.666666667,0.566666667,0.694444444
912,0,0.066666667,0.5
913,0.055555556,0.066666667,0.152777778
914,0,0,0.5
915,0,0,0.388888889
916,0,0,0.263888889
917,0,0,0.208333333
918,0,0,0.25
919,0.833333333,0.866666667,0.819444444
920,0,0,0.319444444
921,0,0,0.416666667
922,0,0,0.569444444
923,0,0.033333333,0.527777778
924,0,0.033333333,0.805555556
925,0,0,0.152777778
926,0.111111111,0.166666667,0.416666667
927,0,0,0.236111111
928,0,0,0.569444444
929,0,0.033333333,0.305555556
930,0,0,0.847222222
931,0,0,0.319444444
932,0,0,0.555555556
933,0,0,0.333333333
934,0.111111111,0.066666667,0.319444444
935,0,0,0.486111111
936,0.111111111,0,0.305555556
937,0,0,0.527777778
938,0,0,0.416666667
939,0.055555556,0.033333333,0.111111111
940,0.055555556,0,0.263888889
941,0.555555556,0.666666667,0.402777778
942,0,0.033333333,0.625
943,0.166666667,0.166666667,0.222222222
944,0,0,0.361111111
945,0.111111111,0,0.319444444
946,0.166666667,0.1,0.416666667
947,0,0,0.361111111
948,0,0.033333333,0.444444444
949,0,0.033333333,0.791666667
950,0,0,0.319444444
951,0.388888889,0.433333333,0.5
952,0.055555556,0.033333333,0.333333333
953,0,0,0.513888889
954,0.888888889,0.733333333,0.763888889
955,0,0,0.236111111
956,0,0.266666667,0.25
957,0,0,0.722222222
958,0,0,0.652777778
959,0.611111111,0.433333333,0.486111111
960,0.055555556,0.066666667,0.277777778
961,0.611111111,0.6,0.541666667
962,0.333333333,0.233333333,0.277777778
963,0,0.033333333,0.333333333
964,0,0,0.319444444
965,0,0,0.236111111
966,0,0,0.486111111
967,0.166666667,0.166666667,0.361111111
968,0,0,0.305555556
969,0,0,0.180555556
970,0.333333333,0.333333333,0.5
971,0.5,0.3,0.375
972,0,0,0.375
973,0.055555556,0,0.458333333
974,0.444444444,0.366666667,0.597222222
975,0,0.066666667,0.347222222
976,0.055555556,0.033333333,0.305555556
977,0,0,0.611111111
978,0.055555556,0.033333333,0.555555556
979,0,0,0.555555556
980,0.555555556,0.5,0.652777778
981,0,0,0.430555556
982,0,0.066666667,0.125
983,0,0,0.083333333
984,0,0,0.236111111
985,0,0,0.472222222
986,0,0.166666667,0.347222222
987,0,0,0.194444444
988,0,0,0.638888889
989,0,0,0.472222222
990,0,0.033333333,0.375
991,0,0,0.055555556
992,0.111111111,0.033333333,0.347222222
993,0.055555556,0.033333333,0.291666667
994,0,0.066666667,0.319444444
995,0,0,0.527777778
996,0,0,0.402777778
997,0,0,0.263888889
998,0,0,0.333333333
999,0,0,0.277777778
1000,0,0,0.166666667
1001,0,0,0.430555556
1002,0.111111111,0.033333333,0.486111111
1003,0,0,0.194444444
1004,0,0,0.375
1005,0,0,0.5
1006,0.055555556,0,0.083333333
1007,0,0,0.055555556
1008,0,0,0.277777778
1009,0,0,0.180555556
1010,0.111111111,0.133333333,0.527777778
1011,0,0,0.402777778
1012,0.055555556,0,0.333333333
1013,0.166666667,0.166666667,0.5
1014,0,0,0.430555556
1015,0,0.033333333,0.319444444
1016,0.444444444,0.4,0.611111111
1017,0,0,0.333333333
1018,0,0,0.416666667
1019,0,0,0.097222222
1020,0,0,0.166666667
1021,0.222222222,0.133333333,0.805555556
1022,0.555555556,0.6,0.5
1023,0.166666667,0,0.638888889
1024,0,0,0.388888889
1025,0,0,0.541666667
1026,0,0,0.388888889
1027,0,0,0.25
1028,0,0,0.305555556
1029,0.722222222,0.4,0.597222222
1030,0,0,0.291666667
1031,0,0,0.5
1032,0,0,0.388888889
1033,0,0.033333333,0.236111111
1034,0.333333333,0.333333333,0.069444444
1035,0,0,0.208333333
1036,0,0,0.5
1037,0.277777778,0.533333333,0.472222222
1038,0,0,0.444444444
1039,0,0,0.166666667
1040,0,0,0.652777778
1041,0,0,0.083333333
1042,0,0,0.097222222
1043,0,0,0.361111111
1044,0,0,0.527777778
1045,0,0,0.138888889
1046,0.055555556,0,0.208333333
1047,0,0,0.5
1048,0,0,0.277777778
1049,0.166666667,0,0.5
1050,0.055555556,0.066666667,0.333333333
1051,0,0,0.083333333
1052,0,0,0.402777778
1053,0,0,0.638888889
1054,0,0,0.402777778
1055,0.722222222,0.8,0.763888889
1056,0,0,0.208333333
1057,0,0,0.375
1058,0,0.1,0.638888889
1059,0,0,0.75
1060,0,0,0.527777778
1061,0,0,0.125
1062,0.555555556,0.633333333,0.611111111
1063,0,0.033333333,0.722222222
1064,0.444444444,0.466666667,0.722222222
1065,0,0,0.083333333
1066,0.055555556,0,0.166666667
1067,0,0.033333333,0.444444444
1068,0.055555556,0.033333333,0.402777778
1069,0,0,0.361111111
1070,0,0,0.444444444
1071,0.111111111,0.033333333,0.347222222
1072,0.444444444,0.633333333,0.916666667
1073,0,0,0.541666667
1074,0,0,0.388888889
1075,0,0,0.152777778
1076,0.388888889,0.433333333,0.472222222
1077,0,0,0.166666667
1078,0,0,0.263888889
1079,0,0,0.5
1080,0,0.133333333,0.25
1081,0,0,0.083333333
1082,0.055555556,0,0.430555556
1083,0,0,0.305555556
1084,0,0,0.166666667
1085,0,0,0.638888889
1086,0,0,0.25
1087,0,0,0.444444444
1088,0.055555556,0.033333333,0.305555556
1089,0.277777778,0.533333333,0.611111111
1090,0,0,0.069444444
1091,0.055555556,0,0.222222222
1092,0.111111111,0,0.763888889
1093,0.611111111,0.266666667,0.444444444
1094,0.055555556,0,0.416666667
1095,0.055555556,0,0.458333333
1096,0,0,0.347222222
1097,0,0,0.694444444
1098,0,0,0.430555556
1099,0,0,0.319444444
1100,0,0,0.486111111
1101,0,0,0.513888889
1102,0,0,0.361111111
1103,0.055555556,0.033333333,0.388888889
1104,0.611111111,0.566666667,0.611111111
1105,0,0,0.680555556
1106,0.666666667,0.4,0.375
1107,0,0,0.625
1108,0,0,0.25
1109,0,0,0.333333333
1110,0.277777778,0.033333333,0.472222222
1111,0,0,0.652777778
1112,0.444444444,0.333333333,0.694444444
1113,0.055555556,0.033333333,0.305555556
1114,0,0,0.486111111
1115,0.055555556,0,0.236111111
1116,0.055555556,0.033333333,0.347222222
1117,0,0.1,0.458333333
1118,0.166666667,0.166666667,0.347222222
1119,0,0,0.388888889
1120,0.111111111,0.3,0.291666667
1121,0,0,0.166666667
1122,0.055555556,0.166666667,0.5
1123,0,0.033333333,0.333333333
1124,0.111111111,0,0.527777778
1125,0.5,0.6,0.416666667
1126,0,0,0.111111111
1127,0.055555556,0,0.361111111
1128,0.055555556,0,0.583333333
1129,0,0,0.722222222
1130,0.055555556,0.033333333,0.083333333
1131,0.055555556,0.066666667,0.375
1132,0,0,0.347222222
1133,0,0.133333333,0.263888889
1134,0,0,0.25
1135,0.333333333,0.033333333,0.666666667
1136,0,0,0.597222222
1137,0,0.2,0.527777778
1138,0,0,0.25
1139,0,0.033333333,0.638888889
1140,0.111111111,0.033333333,0.444444444
1141,0,0,0.347222222
1142,0.444444444,0.333333333,0.347222222
1143,0.111111111,0.066666667,0.458333333
1144,0,0,0.5
1145,0,0,0.291666667
1146,0,0,0.583333333
1147,0,0,0.361111111
1148,0,0,0.236111111
1149,0.166666667,0.6,0.555555556
1150,0.055555556,0,0.402777778
1151,0,0,0.333333333
1152,0.055555556,0.033333333,0.263888889
1153,0.111111111,0.133333333,0.722222222
1154,0,0,0.208333333
1155,0,0,0.513888889
1156,0,0.033333333,0.486111111
1157,0.888888889,0.933333333,0.652777778
1158,0,0.033333333,0.152777778
1159,0.111111111,0.066666667,0.277777778
1160,0,0.133333333,0.375
1161,0,0,0.375
1162,0,0,0.333333333
1163,0,0,0.402777778
1164,0,0.066666667,0.333333333
1165,0,0.133333333,0.375
1166,0,0,0.291666667
1167,0.055555556,0.1,0.388888889
1168,0,0,0.083333333
1169,0,0,0.472222222
1170,0,0,0.541666667
1171,0,0.066666667,0.583333333
1172,0,0,0.444444444
1173,0,0,0.430555556
1174,0.055555556,0,0.25
1175,0,0,0.486111111
1176,0,0,0.083333333
1177,0,0,0.291666667
1178,0.055555556,0.033333333,0.652777778
1179,0,0,0.458333333
1180,0.388888889,0,0.777777778
1181,0.5,0.266666667,0.402777778
1182,0,0,0.583333333
1183,0,0,0.333333333
1184,0,0.033333333,0.25
1185,0,0.033333333,0.277777778
1186,0.111111111,0,0.486111111
1187,0.055555556,0.033333333,0.361111111
1188,0.388888889,0.6,0.583333333
1189,0.333333333,0.466666667,0.847222222
1190,0,0.033333333,0.5
1191,0.111111111,0.133333333,0.541666667
1192,0,0,0.527777778
1193,0,0.1,0.5
1194,0.111111111,0.033333333,0.513888889
1195,0.111111111,0.066666667,0.555555556
1196,0,0,0.25
1197,0.055555556,0.033333333,0.555555556
1198,0,0,0.097222222
1199,0,0.033333333,0.180555556
1200,0,0,0.055555556
1201,0.111111111,0.333333333,0.319444444
1202,0.055555556,0.033333333,0.319444444
1203,0.166666667,0.033333333,0.416666667
1204,0.055555556,0.033333333,0.361111111
1205,0,0,0.5
1206,0,0,0.180555556
1207,0,0.033333333,0.069444444
1208,0,0,0.263888889
1209,0,0,0.541666667
1210,0,0,0.430555556
1211,0,0,0.5
1212,0,0,0.486111111
1213,0.222222222,0.133333333,0.333333333
1214,0,0,0.222222222
1215,0.166666667,0.033333333,0.597222222
1216,0.166666667,0.2,0.402777778
1217,0.388888889,0.466666667,0.486111111
1218,0,0.866666667,0.194444444
1219,0,0,0.236111111
1220,0,0,0.361111111
1221,0,0,0.138888889
1222,0,0.066666667,0.319444444
1223,0.055555556,0.033333333,0.583333333
1224,0,0,0.291666667
1225,0,0,0.527777778
1226,0,0.033333333,0.486111111
1227,0,0,0.097222222
1228,0,0,0.736111111
1229,0,0.1,0.236111111
1230,0,0.133333333,0.236111111
1231,0,0,0.430555556
1232,0,0,0.625
1233,0.055555556,0,0.263888889
1234,0.222222222,0.233333333,0.416666667
1235,0.055555556,0,0.666666667
1236,0,0,0.513888889
1237,0,0,0.458333333
1238,0,0,0.569444444
1239,0.055555556,0.133333333,0.583333333
1240,0.277777778,0.4,0.513888889
1241,0,0,0.5
1242,0,0,0.277777778
1243,0.333333333,0.6,0.416666667
1244,0,0,0.166666667
1245,0,0,0.583333333
1246,0.055555556,0.166666667,0.527777778
1247,0.055555556,0.133333333,0.277777778
1248,0,0,0.916666667
1249,0,0,0.388888889
1250,0,0,0.180555556
1251,0.611111111,0,0.583333333
1252,0,0,0.472222222
1253,0.111111111,0.1,0.319444444
1254,0,0,0.361111111
1255,0,0,0.416666667
1256,0.944444444,0.8,0.791666667
1257,0,0,0.375
1258,0.222222222,0.166666667,0.430555556
1259,0.055555556,0.033333333,0.458333333
1260,0.333333333,0.5,0.555555556
1261,0,0,0.236111111
1262,0,0,0.416666667
1263,0,0,0.430555556
1264,0,0,0.555555556
1265,0,0,0.361111111
1266,0,0,0.291666667
1267,0,0,0.569444444
1268,0.111111111,0.1,0.361111111
1269,0,0,0.333333333
1270,0,0.066666667,0.902777778
1271,0,0.033333333,0.458333333
1272,0,0,0.194444444
1273,0.111111111,0,0.319444444
1274,0,0,0.375
1275,0,0.033333333,0.138888889
1276,0,0,0.347222222
1277,0.111111111,0.133333333,0.375
1278,0,0,0.708333333
1279,0,0,0.361111111
1280,0,0,0.236111111
1281,0,0,0.583333333
1282,0,0,0.361111111
1283,0,0,0.472222222
1284,0,0,0.625
1285,0,0,0.111111111
1286,0,0,0.277777778
1287,0,0,0.180555556
1288,0,0,0.75
1289,0,0,0.5
1290,0.111111111,0.233333333,0.694444444
1291,0,0,0.194444444
1292,0,0,0.513888889
1293,0,0,0.861111111
1294,0,0,0.291666667
1295,0,0,0.722222222
1296,0.055555556,0,0.527777778
1297,0,0,0.194444444
1298,0.166666667,0.233333333,0.166666667
1299,0,0.033333333,0.5
1300,0,0,0.375
1301,0.055555556,0.033333333,0.486111111
1302,0,0,0.791666667
1303,0,0,0.444444444
1304,0.055555556,0,0.402777778
1305,0.055555556,0.133333333,0.319444444
1306,0,0,0.388888889
1307,0,0,0.361111111
1308,0.166666667,0.1,0.833333333
1309,0,0,0.486111111
1310,0.055555556,0.1,0.472222222
1311,0.055555556,0,0.694444444
1312,0.055555556,0,0.486111111
1313,0,0,0.541666667
1314,0,0,0.152777778
1315,0,0,0.555555556
1316,0.055555556,0.033333333,0.569444444
1317,0,0.033333333,0.736111111
1318,0.055555556,0,0.486111111
1319,0.111111111,0,0.541666667
1320,0.055555556,0.033333333,0.375
1321,0,0,0.430555556
1322,0.388888889,0.466666667,0.555555556
1323,0.055555556,0,0.263888889
1324,0.5,0.3,0.708333333
1325,0,0,0.361111111
1326,0,0.066666667,0.625
1327,0.111111111,0,0.319444444
1328,0,0,0.5
1329,0,0,0.652777778
1330,0,0.033333333,0.25
1331,0,0.066666667,0.527777778
1332,0.277777778,0.533333333,0.555555556
1333,0,0,0.138888889
1334,0.055555556,0.1,0.555555556
1335,0.444444444,0.366666667,0.569444444
1336,0.388888889,0.3,0.541666667
1337,0,0,0.333333333
1338,0.055555556,0.033333333,0.583333333
1339,0.944444444,0.7,0.430555556
1340,0.166666667,0,0.333333333
1341,0.166666667,0.166666667,0.222222222
1342,0,0,0.361111111
1343,0,0,0.180555556
1344,0.055555556,0.033333333,0.5
1345,0,0,0.611111111
1346,0,0,0.472222222
1347,0,0,0.222222222
1348,0,0,0.513888889
1349,0.333333333,0.133333333,0.347222222
1350,0,0,0.083333333
1351,0,0,0.166666667
1352,0,0,0.388888889
1353,0.777777778,0.666666667,0.638888889
1354,0,0,0.805555556
1355,1,1,0.916666667
1356,0.444444444,0.3,0.555555556
1357,0,0,0.402777778
1358,0.444444444,0.4,0.555555556
1359,0,0,0.486111111
1360,0.944444444,0.833333333,0.777777778
1361,0,0,0.083333333
1362,0.111111111,0.233333333,0.416666667
1363,0,0,0.138888889
1364,0.111111111,0.766666667,0.833333333
1365,0.111111111,0,0.541666667
1366,0,0,0.666666667
1367,0,0.1,0.152777778
1368,0,0.066666667,0.333333333
1369,0.111111111,0.1,0.472222222
1370,0.166666667,0,0.555555556
1371,0,0,0.166666667
1372,0.055555556,0.066666667,0.402777778
1373,0,0,0.305555556
1374,0,0,0.666666667
1375,0.611111111,0.5,0.777777778
1376,0.722222222,0.733333333,0.763888889
1377,0.055555556,0,0.319444444
1378,1,1,0.916666667
1379,0,0.066666667,0.472222222
1380,0.333333333,0.066666667,0.222222222
1381,0,0,0.361111111
1382,0,0,0.625
1383,0,0,0.569444444
1384,0.111111111,0.266666667,0.597222222
1385,0.611111111,0.566666667,0.444444444
1386,0.166666667,0.333333333,0.583333333
1387,0,0,0.5
1388,0.277777778,0.133333333,0.513888889
1389,0,0.033333333,0.208333333
1390,0.111111111,0.166666667,0.263888889
1391,0,0,0.486111111
1392,0.055555556,0.1,0.444444444
1393,0,0,0.5
1394,0.166666667,0.433333333,0.416666667
1395,0.111111111,0,0.486111111
1396,0,0,0.805555556
1397,0.055555556,0.133333333,0.319444444
1398,0.5,0.5,0.527777778
1399,0,0,0.541666667
1400,0,0,0.625
1401,0.444444444,0.466666667,0.708333333
1402,0,0,0.611111111
1403,0.555555556,0.633333333,0.25
1404,0,0,0.708333333
1405,0,0,0.861111111
1406,0.166666667,0.266666667,0.388888889
1407,0,0,0.194444444
1408,0,0,0.194444444
1409,0,0,0.472222222
1410,0.166666667,0.1,0.486111111
1411,0,0.033333333,0.180555556
1412,0.055555556,0,0.361111111
1413,0.055555556,0.033333333,0.319444444
1414,0,0,0.763888889
1415,0.166666667,0.333333333,0.472222222
1416,0.888888889,0.866666667,0.680555556
1417,0.444444444,0.533333333,0.569444444
1418,0.166666667,0.1,0.569444444
1419,0.5,0.366666667,0.444444444
1420,0.055555556,0.033333333,0.375
1421,0,0,0.291666667
1422,0,0,0.736111111
1423,0.055555556,0.066666667,0.319444444
1424,0,0,0.486111111
1425,0,0,0.236111111
1426,0.388888889,0.366666667,0.569444444
1427,0.555555556,0.5,0.680555556
1428,0.833333333,0.7,0.805555556
1429,0,0,0.180555556
1430,0.111111111,0.066666667,0.472222222
1431,0,0,0.527777778
1432,0.055555556,0,0.319444444
1433,0,0,0.430555556
1434,0,0,0.277777778
1435,0,0,0.333333333
1436,0,0,0.125
1437,0.166666667,0.1,0.013888889
1438,0,0,0.763888889
1439,0,0,0.277777778
1440,0.166666667,0.166666667,0.166666667
1441,0,0,0.166666667
1442,0,0,0.208333333
1443,0.722222222,0.7,0.625
1444,0,0,0.166666667
1445,0,0,0.277777778
1446,0,0,0.236111111
1447,0,0,0.319444444
1448,0,0,0.416666667
1449,0,0,0.652777778
1450,0,0.066666667,0.375
1451,0.111111111,0,0.263888889
1452,0,0,0.472222222
1453,0.5,0.333333333,0.763888889
1454,0,0,0.527777778
1455,0.666666667,0.5,0.847222222
1456,1,1,0.847222222
1457,0.388888889,0.4,0.416666667
1458,1,1,0.916666667
1459,0,0,0.527777778
1460,0.055555556,0,0.694444444
1461,0,0,0.083333333
1462,0.5,0.566666667,0.805555556
1463,0.055555556,0,0.583333333
1464,0,0,0.791666667
1465,0,0,0.208333333
1466,1,0.9,0.791666667
1467,0,0.033333333,0.5
1468,0.5,0.533333333,0.5
1469,0,0,0.652777778
1470,0,0.333333333,0.777777778
1471,0,0.1,0.305555556
1472,0.888888889,0.866666667,0.75
1473,0,0,0.041666667
1474,0,0,0.305555556
1475,0.166666667,0.2,0.388888889
1476,0,0,0.236111111
1477,0.333333333,0.333333333,0.430555556
1478,0,0,0.069444444
1479,0,0,0.166666667
1480,0,0,0.361111111
1481,0,0,0.125
1482,0,0,0.083333333
1483,0,0,0.208333333
1484,0,0,0.347222222
1485,0.111111111,0.233333333,0.583333333
1486,0.777777778,0.733333333,0.861111111
1487,0.111111111,0.066666667,0.777777778
1488,0,0,0.166666667
1489,0.055555556,0.033333333,0.125
1490,0,0.033333333,0.236111111
1491,0.055555556,0,0.166666667
1492,0,0,0.333333333
1493,0,0,0.347222222
1494,0.166666667,0.1,0.486111111
1495,0.055555556,0,0.416666667
1496,0,0,0.222222222
1497,0,0,0.083333333
1498,0,0,0.347222222
1499,0.055555556,0.1,0.5
1500,0.055555556,0.033333333,0.555555556
1501,0.055555556,0,0.375
1502,0,0,0.125
1503,0.055555556,0.133333333,0.569444444
1504,0,0,0.555555556
1505,0.055555556,0,0.416666667
1506,0.055555556,0.033333333,0.555555556
1507,0,0.033333333,0.402777778
1508,0,0.066666667,0.291666667
1509,0,0,0.138888889
1510,0,0,0.402777778
1511,0.055555556,0,0.263888889
1512,0.055555556,0.166666667,0.472222222
1513,0.055555556,0.066666667,0.388888889
1514,0,0,0.361111111
1515,0.166666667,0.266666667,0.444444444
1516,0.604166666666667,0.583333333333333,0.555555555555555
1517,0.354166666666667,0.333333333333333,0.666666666666667
1518,0.333333333333333,0.1875,0.597222222222222
1519,0.0625,0.0625,0.347222222222222
1520,0,0.0625,0
1521,0,0,0.111111111111111
1522,0.291666666666667,0.270833333333333,0.486111111111111
1523,0.125,0.0833333333333333,0.361111111111111
1524,0.166666666666667,0,0.319444444444444
1525,0.208333333333333,0.25,0.277777777777778
1526,0.0416666666666667,0,0.236111111111111
1527,0.479166666666667,0.5625,0.583333333333333
1528,0.104166666666667,0.125,0.263888888888889
1529,0,0,0.0972222222222222
1530,0.458333333333333,0.0416666666666667,0.638888888888889
1531,0,0.0208333333333333,0.486111111111111
1532,0.0625,0.0625,0.291666666666667
1533,0.291666666666667,0.1875,0.291666666666667
1534,0.0833333333333333,0,0.263888888888889
1535,0,0,0.236111111111111
1536,0.125,0.145833333333333,0.597222222222222
1537,0,0.0208333333333333,0.277777777777778
1538,0.0416666666666667,0.0416666666666667,0.180555555555556
1539,0.125,0.145833333333333,0.541666666666667
1540,0.229166666666667,0.166666666666667,0.458333333333333
1541,0.0208333333333333,0.0625,0.194444444444444
1542,0,0,0.722222222222222
1543,0.125,0.229166666666667,0.472222222222222
1544,0.125,0.166666666666667,0.430555555555556
1545,0.145833333333333,0.125,0.416666666666667
1546,0.0625,0,0.388888888888889
1547,0.1875,0.229166666666667,0.347222222222222
1548,0.0833333333333333,0.0833333333333333,0.402777777777778
1549,0.0416666666666667,0.0208333333333333,0.458333333333333
1550,0.166666666666667,0.229166666666667,0.388888888888889
1551,0.104166666666667,0.104166666666667,0.305555555555556
1552,0.0416666666666667,0.0208333333333333,0.361111111111111
1553,0.104166666666667,0.125,0.263888888888889
1554,0.0208333333333333,0.5,0.388888888888889
1555,0.416666666666667,0.166666666666667,0.597222222222222
1556,0,0,0.194444444444444
1557,0.0625,0.145833333333333,0.180555555555556
1558,0,0,0.222222222222222
1559,0.0625,0,0.263888888888889
1560,0.25,0.1875,0.277777777777778
1561,0.0833333333333333,0.125,0.25
1562,0,0,0.208333333333333
1563,0.166666666666667,0,0.583333333333333
1564,0.458333333333333,0.520833333333333,0.652777777777778
1565,1,0.5,0.680555555555555
1566,0.5625,0.541666666666667,0.652777777777778
1567,0.520833333333333,0.4375,0.708333333333333
1568,0.541666666666667,0.5625,0.777777777777778
1569,0.0625,0.0625,0.458333333333333
1570,0.0208333333333333,0.104166666666667,0.569444444444445
1571,0,0,0.0833333333333333
1572,0.0208333333333333,0.208333333333333,0.625
1573,0,0.0625,0.222222222222222
1574,0.5625,0.5,0.513888888888889
1575,0.0208333333333333,0,0.347222222222222
1576,0,0.125,0.833333333333333
1577,0.145833333333333,0.125,0.527777777777778
1578,0.1875,0.0833333333333333,0.277777777777778
1579,0.729166666666667,0.770833333333333,0.819444444444445
1580,0.104166666666667,0.104166666666667,0.375
1581,0,0.0416666666666667,0.263888888888889
1582,0.166666666666667,0.166666666666667,0.375
1583,0.0833333333333333,0.0625,0.472222222222222
1584,0.291666666666667,0.416666666666667,0.472222222222222
1585,0.0208333333333333,0.0625,0.569444444444445
1586,0.166666666666667,0.1875,0.180555555555556
1587,0.291666666666667,0.3125,0.680555555555555
1588,0.208333333333333,0.208333333333333,0.361111111111111
1589,0.0208333333333333,0.0416666666666667,0.527777777777778
1590,0.125,0.208333333333333,0.5
1591,0.0208333333333333,0,0.402777777777778
1592,0,0,0.0833333333333333
1593,0.770833333333333,0.375,0.430555555555556
1594,0,0.0416666666666667,0.208333333333333
1595,0.125,0.166666666666667,0.291666666666667
1596,0.5625,0.0416666666666667,0.0416666666666667
1597,0.25,0.291666666666667,0.291666666666667
1598,0.125,0.0208333333333333,0.347222222222222
1599,0,0.166666666666667,0.402777777777778
1600,0.145833333333333,0,0.291666666666667
1601,0.104166666666667,0.0416666666666667,0.347222222222222
1602,0.104166666666667,0.0833333333333333,0.625
1603,0.541666666666667,0.5625,0.541666666666667
1604,0.416666666666667,0.375,0.486111111111111
1605,0.479166666666667,0.583333333333333,0.541666666666667
1606,0.0208333333333333,0.0416666666666667,0.75
1607,0.0208333333333333,0.0625,0.347222222222222
1608,0.0625,0.145833333333333,0.833333333333333
1609,0.125,0.0208333333333333,0.305555555555556
1610,0.104166666666667,0.104166666666667,0.319444444444444
1611,0.145833333333333,0.0625,0.583333333333333
1612,0.0833333333333333,0.0833333333333333,0.319444444444444
1613,0.0625,0.0625,0.291666666666667
1614,0.0208333333333333,0,0.0972222222222222
1615,0.125,0.104166666666667,0.388888888888889
1616,0.416666666666667,0.625,0.527777777777778
1617,0.0208333333333333,0,0.75
1618,0,0,0.430555555555556
1619,0.0625,0.125,0.333333333333333
1620,0.0625,0.104166666666667,0.416666666666667
1621,0.104166666666667,0.0208333333333333,0.638888888888889
1622,0.145833333333333,0.0625,0.166666666666667
1623,0.0833333333333333,0.0833333333333333,0.180555555555556
1624,0.0416666666666667,0.0416666666666667,0.458333333333333
1625,0,0,0.0833333333333333
1626,0.0416666666666667,0.0833333333333333,0.75
1627,0,0,0.375
1628,0.333333333333333,0.333333333333333,0.402777777777778
1629,0.4375,0.479166666666667,0.583333333333333
1630,0.125,0.145833333333333,0.569444444444445
1631,0.0208333333333333,0.0625,0.25
1632,0.1875,0.208333333333333,0.5
1633,0.270833333333333,0.3125,0.388888888888889
1634,0.291666666666667,0.291666666666667,0.277777777777778
1635,0.791666666666667,0.875,0.805555555555555
1636,0.3125,0.479166666666667,0.430555555555556
1637,0.416666666666667,0.354166666666667,0.347222222222222
1638,0.0208333333333333,0.166666666666667,0.430555555555556
1639,0.0625,0,0.430555555555556
1640,0.166666666666667,0.5625,0.333333333333333
1641,0.166666666666667,0.208333333333333,0.541666666666667
1642,0.541666666666667,0.333333333333333,0.5
1643,0.166666666666667,0.208333333333333,0.430555555555556
1644,0.229166666666667,0.0833333333333333,0.916666666666667
1645,0.375,0,0.569444444444445
1646,0.0416666666666667,0.0208333333333333,0.0972222222222222
1647,0.854166666666667,0.791666666666667,0.763888888888889
1648,0.458333333333333,0.291666666666667,0.736111111111111
1649,0,0,0.361111111111111
1650,0.0833333333333333,0.1875,0.375
1651,0.4375,0.520833333333333,0.402777777777778
1652,0.375,0.458333333333333,0.513888888888889
1653,0.125,0.104166666666667,0.152777777777778
1654,0.354166666666667,0.4375,0.555555555555555
1655,0,0.0208333333333333,0.25
1656,0.0625,0.0833333333333333,0.888888888888889
1657,0,0,0.5
1658,0.145833333333333,0.0208333333333333,0.222222222222222
1659,0,0,0.0833333333333333
1660,0,0,0.0833333333333333
1661,0.1875,0.375,0.458333333333333
1662,0.0625,0.0208333333333333,0.166666666666667
1663,0.0416666666666667,0.0625,0.305555555555556
1664,0.0625,0.104166666666667,0.416666666666667
1665,0.125,0.0625,0.111111111111111
1666,0,0,0.208333333333333
1667,0,0.0416666666666667,0.361111111111111
1668,0,0,0.277777777777778
1669,0.145833333333333,0.145833333333333,0.680555555555555
1670,0.0416666666666667,0.145833333333333,0
1671,0.0416666666666667,0.0833333333333333,0.277777777777778
1672,0.0416666666666667,0,0.208333333333333
1673,0,0,0.222222222222222
1674,0.104166666666667,0.0416666666666667,0.402777777777778
1675,0,0,0.263888888888889
1676,0.479166666666667,0.583333333333333,0.527777777777778
1677,0.104166666666667,0.25,0.138888888888889
1678,0.0625,0.208333333333333,0.430555555555556
1679,0.0833333333333333,0.0416666666666667,0.277777777777778
1680,0.0208333333333333,0,0.0416666666666667
1681,0.0833333333333333,0,0.125
1682,0.0416666666666667,0.0208333333333333,0.347222222222222
1683,0.0416666666666667,0.0208333333333333,0.277777777777778
1684,0,0,0.444444444444444
1685,0.0833333333333333,0.0625,0.319444444444444
1686,0.125,0.145833333333333,0.361111111111111
1687,0.0833333333333333,0,0.277777777777778
1688,0.0416666666666667,0.0625,0.444444444444444
1689,0.3125,0.395833333333333,0.472222222222222
1690,0,0.0416666666666667,0.0972222222222222
1691,0.0416666666666667,0,0.125
1692,0.0208333333333333,0,0.180555555555556
1693,0,0,0.111111111111111
1694,0.145833333333333,0.125,0.486111111111111
1695,0.166666666666667,0.1875,0.458333333333333
1696,0,0.0416666666666667,0.152777777777778
1697,0.4375,0.125,0.583333333333333
1698,0.541666666666667,0.479166666666667,0.625
1699,0.791666666666667,0.729166666666667,0.75
1700,0.145833333333333,0.125,0.5
1701,0.0625,0,0.0833333333333333
1702,0.125,0.291666666666667,0.402777777777778
1703,0.0625,0.0833333333333333,0.277777777777778
1704,0.1875,0.166666666666667,0.625
1705,0.0833333333333333,0.0833333333333333,0.222222222222222
1706,0.0208333333333333,0,0.458333333333333
1707,0.125,0.0208333333333333,0.347222222222222
1708,0.0625,0.0416666666666667,0.111111111111111
1709,0,0,0.166666666666667
1710,0.0208333333333333,0,0.333333333333333
1711,0.25,0.541666666666667,0.375
1712,0.229166666666667,0.270833333333333,0.305555555555556
1713,0,0,0.375
1714,0,0,0.305555555555556
1715,0.458333333333333,0.458333333333333,0.416666666666667
1716,0.0208333333333333,0.0416666666666667,0.277777777777778
1717,0,0,0.416666666666667
1718,0.604166666666667,0.541666666666667,0.75
1719,0.0625,0,0.319444444444444
1720,0.291666666666667,0.291666666666667,0.416666666666667
1721,0,0,0.5
1722,0.458333333333333,0.833333333333333,0.541666666666667
1723,0,0,0.263888888888889
1724,0.0416666666666667,0,0.305555555555556
1725,0.0833333333333333,0,0.263888888888889
1726,0.5,0.645833333333333,0.541666666666667
1727,0.25,0.0833333333333333,0.305555555555556
1728,0.125,0.0208333333333333,0.444444444444444
1729,0.479166666666667,0.541666666666667,0.611111111111111
1730,0.520833333333333,0.395833333333333,0.625
1731,0.0416666666666667,0.0208333333333333,0.208333333333333
1732,0.291666666666667,0.333333333333333,0.513888888888889
1733,0.104166666666667,0.0833333333333333,0.583333333333333
1734,0.0625,0.0833333333333333,0.5
1735,0,0,0.25
1736,0,0.104166666666667,0.486111111111111
1737,0.541666666666667,0.479166666666667,0.416666666666667
1738,0,0,0.472222222222222
1739,0.708333333333333,0.479166666666667,0.666666666666667
1740,0,0.5,0.0833333333333333
1741,0.104166666666667,0.0416666666666667,0.666666666666667
1742,0.0416666666666667,0.0208333333333333,0.319444444444444
1743,0.208333333333333,0.166666666666667,0.555555555555555
1744,0.0833333333333333,0,0.236111111111111
1745,0.0625,0.145833333333333,0.347222222222222
1746,0.0625,0.0208333333333333,0.236111111111111
1747,0.0625,0.375,0.361111111111111
1748,0.145833333333333,0.0208333333333333,0.527777777777778
1749,0.0208333333333333,0.1875,0.416666666666667
1750,0.291666666666667,0.125,0.430555555555556
1751,0.104166666666667,0.1875,0.388888888888889
1752,0.0208333333333333,0.0416666666666667,0.569444444444445
1753,0.0833333333333333,0.0208333333333333,0.0972222222222222
1754,0.5,0.541666666666667,0.527777777777778
1755,0.166666666666667,0.0416666666666667,0.375
1756,0.0416666666666667,0.0625,0.25
1757,0.0416666666666667,0,0.305555555555556
1758,0.25,0.291666666666667,0.444444444444444
1759,0.229166666666667,0.708333333333333,0.791666666666667
1760,0.895833333333333,0.604166666666667,0.819444444444445
1761,0,0,0.486111111111111
1762,0.833333333333333,0.833333333333333,0.916666666666667
1763,0.104166666666667,0.104166666666667,0.402777777777778
1764,0.0625,0.0625,0.486111111111111
1765,0.145833333333333,0.104166666666667,0.25
1766,0.708333333333333,0.666666666666667,0.847222222222222
1767,0.0833333333333333,0.0625,0.263888888888889
1768,0.0416666666666667,0.0208333333333333,0.402777777777778
1769,0,0,0.152777777777778
1770,0.0416666666666667,0.166666666666667,0.152777777777778
1771,0.0416666666666667,0.0625,0.513888888888889
1772,0.229166666666667,0.166666666666667,0.305555555555556
1773,0.0416666666666667,0,0.472222222222222
1774,0.125,0.583333333333333,0.291666666666667
1775,0.458333333333333,0.333333333333333,0.472222222222222
1776,0.104166666666667,0.0833333333333333,0.277777777777778
1777,0.25,0.1875,0.152777777777778
1778,0.0833333333333333,0.0625,0.5
1779,0,0.729166666666667,0.486111111111111
1780,0.0625,0.166666666666667,0.291666666666667
1781,0.541666666666667,0.416666666666667,0.444444444444444
1782,0.625,0.5625,0.527777777777778
1783,0,0,0.416666666666667
1784,0.208333333333333,0.166666666666667,0.208333333333333
1785,0,0.208333333333333,0.263888888888889
1786,0.270833333333333,0.333333333333333,0.444444444444444
1787,0.0833333333333333,0,0.472222222222222
1788,0.1875,0.208333333333333,0.222222222222222
1789,0.625,0.75,0.638888888888889
1790,0.479166666666667,0.416666666666667,0.75
1791,0.354166666666667,0.25,0.472222222222222
1792,0.0416666666666667,0.0833333333333333,0.416666666666667
1793,0.0833333333333333,0.125,0.597222222222222
1794,0.145833333333333,0.104166666666667,0.527777777777778
1795,0,0,0.361111111111111
1796,0.0208333333333333,0.229166666666667,0.75
1797,0.0625,0.0625,0.402777777777778
1798,0,0,0.166666666666667
1799,0.0416666666666667,0,0.583333333333333
1800,0.166666666666667,0.166666666666667,0.222222222222222
1801,0,0.0208333333333333,0.0694444444444445
1802,0.0208333333333333,0,0.277777777777778
1803,0,0,0.430555555555556
1804,0.0208333333333333,0.0625,0.152777777777778
1805,0.104166666666667,0.104166666666667,0.5
1806,0.0625,0.0625,0.361111111111111
1807,0,0.0416666666666667,0.305555555555556
1808,0.166666666666667,0.208333333333333,0.694444444444445
1809,0.479166666666667,0.5625,0.611111111111111
1810,0,0,0.194444444444444
1811,0.4375,0.458333333333333,0.472222222222222
1812,0.479166666666667,0.395833333333333,0.694444444444445
1813,0.833333333333333,0.833333333333333,0.819444444444445
1814,0.25,0.1875,0.458333333333333
1815,0.166666666666667,0.104166666666667,0.416666666666667
1816,0.125,0.104166666666667,0.430555555555556
1817,0.0416666666666667,0.0208333333333333,0.513888888888889
1818,0.0416666666666667,0.0833333333333333,0.236111111111111
1819,0.145833333333333,0.125,0.416666666666667
1820,0.0625,0.1875,0.0694444444444445
1821,0.0625,0.0625,0.263888888888889
1822,0.125,0.5,0.791666666666667
1823,0,0,0.125
1824,0,0.291666666666667,0.333333333333333
1825,0.333333333333333,0.333333333333333,0.5
1826,0.104166666666667,0.291666666666667,0.263888888888889
1827,0.125,0.0833333333333333,0.236111111111111
1828,0.0833333333333333,0.104166666666667,0.347222222222222
1829,0.291666666666667,0.291666666666667,0.375
1830,0.0625,0.0416666666666667,0.402777777777778
1831,0.0416666666666667,0,0.222222222222222
1832,0.3125,0.458333333333333,0.444444444444444
1833,0.333333333333333,0,1
1834,0.0416666666666667,0,0.416666666666667
1835,1,1,0.916666666666667
1836,0.166666666666667,0.166666666666667,0.305555555555556
1837,0,0,0.0833333333333333
1838,0.541666666666667,0.5625,0.541666666666667
1839,0.4375,0.166666666666667,0.611111111111111
1840,0,0,0.0833333333333333
1841,0,0,0.625
1842,0.5,0.5,0.444444444444444
1843,0,0,0.305555555555556
1844,0.0208333333333333,0.0208333333333333,0.222222222222222
1845,0,0.0208333333333333,0.305555555555556
1846,0.0625,0.104166666666667,0.166666666666667
1847,0,0.104166666666667,0.472222222222222
1848,0.395833333333333,0.395833333333333,0.638888888888889
1849,0.0625,0.166666666666667,0.25
1850,0.145833333333333,0.208333333333333,0.125
1851,0.125,0.166666666666667,0.569444444444445
1852,0.0625,0.0625,0.194444444444444
1853,0.0208333333333333,0.0416666666666667,0.472222222222222
1854,0.0416666666666667,0,0.152777777777778
1855,0.104166666666667,0.125,0.361111111111111
1856,0.0416666666666667,0.0416666666666667,0.347222222222222
1857,0.0208333333333333,0,0.361111111111111
1858,0.0833333333333333,0.166666666666667,0.555555555555555
1859,0.0833333333333333,0.0416666666666667,0.236111111111111
1860,0.0208333333333333,0.0208333333333333,0.361111111111111
1861,0.6875,0.416666666666667,0.402777777777778
1862,0.0833333333333333,0.0416666666666667,0.458333333333333
1863,0.0416666666666667,0.0416666666666667,0.361111111111111
1864,0.0416666666666667,0.354166666666667,0.236111111111111
1865,0.541666666666667,0.4375,0.583333333333333
1866,0.354166666666667,0.541666666666667,0.597222222222222
1867,0.25,0,0.208333333333333
1868,0.0208333333333333,0.0208333333333333,0.305555555555556
1869,0.125,0.229166666666667,0.333333333333333
1870,0.0208333333333333,0.0208333333333333,0.166666666666667
1871,0.0625,0.0833333333333333,0.625
1872,0.0625,0.104166666666667,0.430555555555556
1873,0.145833333333333,0.1875,0.236111111111111
1874,0.0625,0.104166666666667,0.263888888888889
1875,0,0,0.569444444444445
1876,0.0833333333333333,0.125,0.208333333333333
1877,0.166666666666667,0.0833333333333333,0.666666666666667
1878,0.0625,0.0416666666666667,0.152777777777778
1879,0.208333333333333,0.104166666666667,0.333333333333333
1880,0,0,0.5
1881,0.333333333333333,0,0.458333333333333
1882,0.0625,0.166666666666667,0.916666666666667
1883,0,0,0.375
1884,0.0416666666666667,0.145833333333333,0.25
1885,0,0.0625,0.430555555555556
1886,0.208333333333333,0.25,0.5
1887,0.3125,0.3125,0.180555555555556
1888,0.0208333333333333,0.770833333333333,0.611111111111111
1889,0.145833333333333,0.125,0.333333333333333
1890,0.3125,0.1875,0.555555555555555
1891,0,0,0.5
1892,0,0,0.291666666666667
1893,0.0833333333333333,0.0625,0.388888888888889
1894,0,0.145833333333333,0.263888888888889
1895,0.0208333333333333,0,0.430555555555556
1896,0.166666666666667,0.145833333333333,0.375
1897,0.0625,0.0416666666666667,0.347222222222222
1898,0.145833333333333,0.1875,0.194444444444444
1899,0,0.0416666666666667,0.527777777777778
1900,0,0,0.0833333333333333
1901,0.0208333333333333,0,0.333333333333333
1902,0.625,0.958333333333333,0.916666666666667
1903,0.0833333333333333,0.0625,0.180555555555556
1904,0.125,0.0833333333333333,0.291666666666667
1905,0.479166666666667,0.333333333333333,0.555555555555555
1906,0.0833333333333333,0.0833333333333333,0.291666666666667
1907,0.3125,0.104166666666667,0.833333333333333
1908,0.0833333333333333,0.0833333333333333,0.180555555555556
1909,0.1875,0.1875,0.680555555555555
1910,0.0625,0.145833333333333,0.375
1911,0.0416666666666667,0.0416666666666667,0.236111111111111
1912,0.104166666666667,0.125,0.194444444444444
1913,0.145833333333333,0.104166666666667,0.486111111111111
1914,0.125,0,0.25
1915,0,0.0208333333333333,0.25
1916,0.270833333333333,0.25,0.305555555555556
1917,0.0833333333333333,0.0833333333333333,0.819444444444445
1918,0.0833333333333333,0.0833333333333333,0.291666666666667
1919,0.354166666666667,0.395833333333333,0.513888888888889
1920,0.0416666666666667,0.0416666666666667,0.347222222222222
1921,0.375,0.5,0.472222222222222
1922,0.916666666666667,0.916666666666667,0.833333333333333
1923,0.0833333333333333,0.0625,0.527777777777778
1924,0.0416666666666667,0.104166666666667,0.375
1925,0.0208333333333333,0.0208333333333333,0.458333333333333
1926,0.166666666666667,0.0625,0.486111111111111
1927,0.729166666666667,0.875,0.916666666666667
1928,0.479166666666667,0.5625,0.722222222222222
1929,0.0625,0.0625,0.402777777777778
1930,0,0,0.722222222222222
1931,0.166666666666667,0.166666666666667,0.25
1932,0.1875,0.270833333333333,0.277777777777778
1933,0.0625,0.0625,0.319444444444444
1934,0.0208333333333333,0.375,0.236111111111111
1935,0.791666666666667,0.895833333333333,0.958333333333333
1936,0.0416666666666667,0.0416666666666667,0.583333333333333
1937,0.0208333333333333,0,0.5
1938,0.166666666666667,0,0.916666666666667
1939,0.166666666666667,0,0.916666666666667
1940,0.0625,0.104166666666667,0.208333333333333
1941,0.354166666666667,0.4375,0.402777777777778
1942,0.666666666666667,0.604166666666667,0.611111111111111
1943,0.395833333333333,0.333333333333333,0.583333333333333
1944,0,0,0.5
1945,0.166666666666667,0.4375,0.916666666666667
1946,0.375,0.541666666666667,0.361111111111111
1947,0.0833333333333333,0.0833333333333333,0.277777777777778
1948,0.208333333333333,0.1875,0.388888888888889
1949,0.104166666666667,0.166666666666667,0.0416666666666667
1950,0.875,0.520833333333333,0.722222222222222
1951,0.270833333333333,0.270833333333333,0.555555555555555
1952,0.0416666666666667,0.0625,0.666666666666667
1953,0.416666666666667,0.375,0.458333333333333
1954,0.395833333333333,0.5,0.486111111111111
1955,0.25,0.3125,0.555555555555555
1956,0.5,0.645833333333333,0.472222222222222
1957,0.0833333333333333,0.0625,0.652777777777778
1958,0.0416666666666667,0.104166666666667,0.236111111111111
1959,0.125,0.125,0.597222222222222
1960,0.0416666666666667,0,0.305555555555556
1961,0.395833333333333,0.291666666666667,0.541666666666667
1962,0.354166666666667,0.270833333333333,0.305555555555556
1963,0.4375,0.375,0.625
1964,0.229166666666667,0,0.222222222222222
1965,0,0,0.0833333333333333
1966,0.5625,0.541666666666667,0.75
1967,0.0208333333333333,0.0208333333333333,0.222222222222222
1968,0.333333333333333,0.229166666666667,0.388888888888889
1969,0.0416666666666667,0.0208333333333333,0.0972222222222222
1970,0.0208333333333333,0.0416666666666667,0.555555555555555
1971,0.0833333333333333,0.0833333333333333,0.416666666666667
1972,0.0833333333333333,0.0833333333333333,0.597222222222222
1973,0.4375,0.354166666666667,0.652777777777778
1974,0.1875,0.125,0.527777777777778
1975,0.0208333333333333,0.0625,0.388888888888889
1976,0.0208333333333333,0.0208333333333333,0.0694444444444445
1977,0,0.0208333333333333,0.194444444444444
1978,0.104166666666667,0,0.597222222222222
1979,0.25,0,0.472222222222222
1980,0.1875,0.208333333333333,0.416666666666667
1981,0.1875,0.145833333333333,0.583333333333333
1982,0.1875,0.208333333333333,0.361111111111111
1983,0.416666666666667,0.354166666666667,0.458333333333333
1984,0.125,0.0833333333333333,0.416666666666667
1985,0.479166666666667,0.4375,0.597222222222222
1986,0.0208333333333333,0,0.430555555555556
1987,0.0416666666666667,0.104166666666667,0.361111111111111
1988,0.0625,0.0625,0.291666666666667
1989,0.479166666666667,0.458333333333333,0.666666666666667
1990,0,0.166666666666667,0.0277777777777778
1991,0.354166666666667,0.395833333333333,0.291666666666667
1992,0.0208333333333333,0,0.347222222222222
1993,0.104166666666667,0.0416666666666667,0.152777777777778
1994,0.104166666666667,0.0208333333333333,0.75
1995,0.0208333333333333,0.0208333333333333,0.361111111111111
1996,0,0,0.583333333333333
1997,0.416666666666667,0.395833333333333,0.569444444444445
1998,0,0,0.458333333333333
1999,0,0,0.333333333333333
2000,0.229166666666667,0.1875,0.555555555555555
2001,0.0416666666666667,0.0416666666666667,0.5
2002,0,0,0.152777777777778
2003,0.145833333333333,0.1875,0.583333333333333
2004,0.5,0.416666666666667,0.625
2005,0,0,0.0416666666666667
2006,0,0.0416666666666667,0.222222222222222
2007,0.145833333333333,0,0.472222222222222
2008,0.416666666666667,0.375,0.388888888888889
2009,0.145833333333333,0.0625,0.25
2010,0.0625,0.25,0.25
2011,0.104166666666667,0.125,0.486111111111111
2012,0.0625,0.1875,0.541666666666667
2013,0.458333333333333,0.4375,0.541666666666667
2014,0.1875,0.125,0.388888888888889
2015,0.0625,0.0625,0.5
2016,0.5,0.520833333333333,0.527777777777778
2017,0.166666666666667,0,0.0833333333333333
2018,1,0.729166666666667,0.736111111111111
2019,0.145833333333333,0.104166666666667,0.333333333333333
2020,0.104166666666667,0.145833333333333,0.472222222222222
2021,0,0,0.263888888888889
2022,0.0416666666666667,0.0625,0.152777777777778
2023,0.104166666666667,0.0208333333333333,0.333333333333333
2024,0.1875,0.166666666666667,0.222222222222222
2025,0.0208333333333333,0,0.486111111111111
2026,0,0,0.5
2027,0.0625,0.0625,0.527777777777778
2028,0.145833333333333,0.125,0.375
2029,0.541666666666667,0.458333333333333,0.666666666666667
2030,0.0416666666666667,0.0416666666666667,0.402777777777778
2031,0.3125,0.3125,0.236111111111111
2032,0.541666666666667,0.0208333333333333,0.583333333333333
2033,0.0208333333333333,0,0.319444444444444
2034,0.229166666666667,0.104166666666667,0.430555555555556
2035,0,0,0.486111111111111
2036,0.3125,0.25,0.513888888888889
2037,0.104166666666667,0.1875,0.666666666666667
2038,0.0208333333333333,0.0416666666666667,0.555555555555555
2039,0.0625,0.0416666666666667,0.5
2040,0.104166666666667,0.0416666666666667,0.666666666666667
2041,0.208333333333333,0.145833333333333,0.486111111111111
2042,0.0833333333333333,0,0.361111111111111
2043,0.125,0.125,0.75
2044,0.208333333333333,0.5625,0.347222222222222
2045,0.5625,0.458333333333333,0.597222222222222
2046,0.104166666666667,0.208333333333333,0.277777777777778
2047,0.104166666666667,0.0833333333333333,0.25
2048,0.583333333333333,0.395833333333333,0.555555555555555
2049,0.125,0.145833333333333,0.263888888888889
2050,0.0416666666666667,0,0.402777777777778
2051,0.4375,0.5,0.597222222222222
2052,0.0208333333333333,0,0.361111111111111
2053,0.0208333333333333,0,0.263888888888889
2054,0.0208333333333333,0,0.152777777777778
2055,0.0625,0,0.180555555555556
2056,0.0625,0.0625,0.263888888888889
2057,0,0.0208333333333333,0.416666666666667
2058,0.0208333333333333,0,0.180555555555556
2059,0,0.0416666666666667,0
2060,0,0,0.111111111111111
2061,0.583333333333333,0.520833333333333,0.597222222222222
2062,0.229166666666667,0.354166666666667,0.625
2063,0.0416666666666667,0.208333333333333,0.333333333333333
2064,0.0833333333333333,0.104166666666667,0.361111111111111
2065,0,0,0.0416666666666667
2066,0,0.0625,0.208333333333333
2067,0.75,0.770833333333333,0.694444444444445
2068,0,0.0416666666666667,0.402777777777778
2069,0.0833333333333333,0.125,0.513888888888889
2070,0.208333333333333,0.125,0.305555555555556
2071,0.479166666666667,0,0.597222222222222
2072,0.0208333333333333,0.0208333333333333,0.333333333333333
2073,0.0208333333333333,0.0208333333333333,0.263888888888889
2074,0.229166666666667,0.145833333333333,0.444444444444444
2075,0.333333333333333,0.333333333333333,0.5
2076,0.145833333333333,0.1875,0.277777777777778
2077,0,0.125,0.166666666666667
2078,0.0625,0.104166666666667,0.194444444444444
2079,0.208333333333333,0.25,0.222222222222222
2080,0.541666666666667,0.583333333333333,0.458333333333333
2081,0.291666666666667,0.395833333333333,0.527777777777778
2082,0,0,0.263888888888889
2083,0.104166666666667,0,0.305555555555556
2084,0.0208333333333333,0.0833333333333333,0.638888888888889
2085,0.166666666666667,0.0833333333333333,0.652777777777778
2086,0.0416666666666667,0,0.375
2087,0,0.0416666666666667,0.236111111111111
2088,0.458333333333333,0.354166666666667,0.777777777777778
2089,0.145833333333333,0.0625,0.555555555555555
2090,0.583333333333333,0.5625,0.583333333333333
2091,0.0208333333333333,0,0.319444444444444
2092,0.229166666666667,0.416666666666667,0.666666666666667
2093,0.0833333333333333,0.125,0.402777777777778
2094,0.375,0.333333333333333,0.222222222222222
2095,0.458333333333333,0.479166666666667,0.361111111111111
2096,0.25,0.1875,0.5
2097,0.0833333333333333,0.0625,0.458333333333333
2098,0.145833333333333,0.125,0.527777777777778
2099,0.125,0.104166666666667,0.125
2100,0.0625,0.104166666666667,0.472222222222222
2101,0.5,0.5,0.486111111111111
2102,0.229166666666667,0.25,0.513888888888889
2103,0.104166666666667,0.0625,0.597222222222222
2104,0.0625,0.0625,0.555555555555555
2105,0.458333333333333,0.25,0.680555555555555
2106,0.0833333333333333,0.270833333333333,0.333333333333333
2107,0.520833333333333,0.520833333333333,0.722222222222222
2108,0.166666666666667,0.0625,0.291666666666667
2109,0.145833333333333,0.0625,0.416666666666667
2110,0.5625,0.479166666666667,0.611111111111111
2111,0.479166666666667,0.479166666666667,0.472222222222222
2112,0.166666666666667,0.0833333333333333,0.347222222222222
2113,0.0625,0,0.625
2114,0.0625,0.0416666666666667,0.166666666666667
2115,0.104166666666667,0.0833333333333333,0.361111111111111
2116,0.125,0.375,0.388888888888889
2117,0,0,0.263888888888889
2118,0.0625,0.270833333333333,0.722222222222222
2119,0.0416666666666667,0.0416666666666667,0.25
2120,0.916666666666667,0.5,0.75
2121,0.0833333333333333,0.0833333333333333,0.319444444444444
2122,1,0.9375,0.777777777777778
2123,0.0208333333333333,0,0.25
2124,0.1875,0.0208333333333333,0.791666666666667
2125,0.0416666666666667,0.0208333333333333,0.0833333333333333
2126,0,0,0.208333333333333
2127,0,0.125,0.166666666666667
2128,0.0208333333333333,0.0625,0.458333333333333
2129,0.333333333333333,0.3125,0.722222222222222
2130,0,0,0.555555555555555
2131,0.0625,0.0833333333333333,0.222222222222222
2132,0,0.0833333333333333,0.277777777777778
2133,0.166666666666667,0.229166666666667,0.388888888888889
2134,0.104166666666667,0.0625,0.222222222222222
2135,0,0,0.0833333333333333
2136,0.3125,0.375,0.388888888888889
2137,0.416666666666667,0.333333333333333,0.375
2138,0.0208333333333333,0.145833333333333,0.263888888888889
2139,0.0208333333333333,0.0416666666666667,0.222222222222222
2140,0,0.104166666666667,0.208333333333333
2141,0.833333333333333,0.833333333333333,0.777777777777778
2142,0.333333333333333,0.666666666666667,0.361111111111111
2143,0,0,0.555555555555555
2144,0.1875,0.104166666666667,0.236111111111111
2145,0.25,0.270833333333333,0.5
2146,0.166666666666667,0.145833333333333,0.319444444444444
2147,0.125,0.1875,0.472222222222222
2148,0.4375,0.458333333333333,0.472222222222222
2149,0.0833333333333333,0.0833333333333333,0.222222222222222
2150,0.0833333333333333,0.0625,0.472222222222222
2151,0.0625,0.0208333333333333,0.402777777777778
2152,0.0208333333333333,0.0208333333333333,0.361111111111111
2153,0.833333333333333,0.833333333333333,0.777777777777778
2154,0.1875,0.0833333333333333,0.319444444444444
2155,0.291666666666667,0.229166666666667,0.208333333333333
2156,0.0416666666666667,0,0.194444444444444
2157,0,0,0.305555555555556
2158,0.666666666666667,0.833333333333333,0.916666666666667
2159,0,0,0.305555555555556
2160,0.5625,0.104166666666667,0.555555555555555
2161,0.104166666666667,0.0625,0.486111111111111
2162,0.395833333333333,0.416666666666667,0.555555555555555
2163,0.125,0.0833333333333333,0.652777777777778
2164,0,0.0833333333333333,0.722222222222222
2165,0.0416666666666667,0.0625,0.472222222222222
2166,0.104166666666667,0.104166666666667,0.194444444444444
2167,0.0833333333333333,0,0.236111111111111
2168,0.0416666666666667,0.0416666666666667,0.527777777777778
2169,0.0833333333333333,0,0.25
2170,0.0208333333333333,0.0208333333333333,0.180555555555556
2171,0.291666666666667,0.291666666666667,0.333333333333333
2172,0.0416666666666667,0.0416666666666667,0.0972222222222222
2173,0.166666666666667,0.0625,0.319444444444444
2174,0.0416666666666667,0.0416666666666667,0.319444444444444
2175,0.166666666666667,0.354166666666667,0.666666666666667
2176,0,0,0.138888888888889
2177,0.0416666666666667,0.0208333333333333,0.333333333333333
2178,0.375,0.604166666666667,0.458333333333333
2179,0.0833333333333333,0.0208333333333333,0.430555555555556
2180,0.354166666666667,0.229166666666667,0.430555555555556
2181,0.104166666666667,0.208333333333333,0.277777777777778
2182,0.458333333333333,0.5,0.472222222222222
2183,1,0.25,0.916666666666667
2184,0.604166666666667,0.479166666666667,0.75
2185,0.6875,0.625,0.652777777777778
2186,0,0.0625,0.263888888888889
2187,0.833333333333333,0.791666666666667,0.819444444444445
2188,0.0416666666666667,0.0416666666666667,0.111111111111111
2189,0.0208333333333333,0.0416666666666667,0.277777777777778
2190,0.104166666666667,0,0.430555555555556
2191,0.0208333333333333,0.0416666666666667,0.583333333333333
2192,0.1875,0.0625,0.319444444444444
2193,0.25,0.208333333333333,0.444444444444444
2194,0.416666666666667,0.166666666666667,0.152777777777778
2195,0.375,0.541666666666667,0.402777777777778
2196,0.270833333333333,0.145833333333333,0.527777777777778
2197,0.0833333333333333,0.0833333333333333,0.236111111111111
2198,0.395833333333333,0.479166666666667,0.875
2199,0.104166666666667,0.125,0.527777777777778
2200,0.104166666666667,0.0625,0.277777777777778
2201,0.333333333333333,0.25,0.625
2202,0.375,0.354166666666667,0.333333333333333
2203,0.0208333333333333,0,0.361111111111111
2204,0.5,0.5,0.888888888888889
2205,0.0833333333333333,0,0.277777777777778
2206,0.229166666666667,0.1875,0.486111111111111
2207,0.104166666666667,0.375,0.222222222222222
2208,0.145833333333333,0.25,0.513888888888889
2209,0,0,0.416666666666667
2210,0,0,0.472222222222222
2211,0.125,0.125,0.291666666666667
2212,0.604166666666667,0.520833333333333,0.680555555555555
2213,0.0625,0.0208333333333333,0.138888888888889
2214,0.145833333333333,0.4375,0.597222222222222
2215,0,0,0.375
2216,0,0,0.375
2217,0,0.104166666666667,0.0972222222222222
2218,0,0.5,0.5
2219,0.208333333333333,0.1875,0.333333333333333
2220,0,0.125,0.333333333333333
2221,0.5,0.458333333333333,0.569444444444445
2222,0.166666666666667,0.166666666666667,0.166666666666667
2223,0.395833333333333,0.5,0.0972222222222222
2224,0.0833333333333333,0.104166666666667,0.694444444444445
2225,0.5625,0.5625,0.458333333333333
2226,0.0833333333333333,0,0.722222222222222
2227,0.208333333333333,0.0208333333333333,0.5
2228,0.354166666666667,0.666666666666667,0.666666666666667
2229,0.583333333333333,0.229166666666667,0.513888888888889
2230,0,0.0625,0.458333333333333
2231,0.145833333333333,0.125,0.291666666666667
2232,0.25,0.395833333333333,0.486111111111111
2233,0.0625,0.104166666666667,0.388888888888889
2234,0.0625,0.125,0.430555555555556
2235,0.125,0.0833333333333333,0.527777777777778
2236,0.479166666666667,0.375,0.541666666666667
2237,0.125,0.0833333333333333,0.5
2238,0.0416666666666667,0.0416666666666667,0.263888888888889
2239,0.125,0.0416666666666667,0.25
2240,0,0,0.222222222222222
2241,0.0625,0.0416666666666667,0.597222222222222
2242,0.0625,0.0416666666666667,0.0555555555555555
2243,0.125,0.0833333333333333,0.569444444444445
2244,0,0,0.208333333333333
2245,0.291666666666667,0.166666666666667,0.611111111111111
2246,1,1,0.777777777777778
2247,0.916666666666667,0.75,0.833333333333333
2248,0.0833333333333333,0.0208333333333333,0.236111111111111
2249,0.25,0.208333333333333,0.486111111111111
2250,0,0,0.236111111111111
2251,0.583333333333333,0.625,0.736111111111111
2252,0.604166666666667,0.791666666666667,0.819444444444445
2253,0.0208333333333333,0.0208333333333333,0.0555555555555555
2254,0.145833333333333,0.0625,0.361111111111111
2255,0.104166666666667,0.104166666666667,0.430555555555556
2256,0.25,0.25,0.208333333333333
2257,0.6875,0.583333333333333,0.680555555555555
2258,0,0,0.486111111111111
2259,0.270833333333333,0.270833333333333,0.513888888888889
2260,0.583333333333333,0.645833333333333,0.569444444444445
2261,0.0625,0.0833333333333333,0.305555555555556
2262,0,0.0416666666666667,0.458333333333333
2263,0,0,0.541666666666667
2264,0.375,0.416666666666667,0.666666666666667
2265,0.0416666666666667,0.0208333333333333,0.402777777777778
2266,0.4375,0.354166666666667,0.513888888888889
2267,0.145833333333333,0.0833333333333333,0.666666666666667
2268,0,0,0.194444444444444
2269,0.166666666666667,0.1875,0.388888888888889
2270,0,0,0.111111111111111
2271,0.0416666666666667,0.0416666666666667,0.486111111111111
2272,0.416666666666667,0.479166666666667,0.416666666666667
2273,0,0,0.513888888888889
2274,0.6875,0.645833333333333,0.666666666666667
2275,0.875,0.854166666666667,0.777777777777778
2276,0.0625,0.0833333333333333,0.194444444444444
2277,0,0,0.5
2278,0.0625,0.0625,0.472222222222222
2279,0.479166666666667,0.229166666666667,0.944444444444445
2280,0.3125,0.541666666666667,0.472222222222222
2281,0.0416666666666667,0.0625,0.305555555555556
2282,0,0,0.666666666666667
2283,0.5,0.583333333333333,0.75
2284,0.0625,0.0416666666666667,0.5
2285,0.0416666666666667,0.0416666666666667,0.305555555555556
